热门查询,点击次数,展示,点击率,排名
rng event pet sim 99,4,40,10%,6.72
roll combo pet sim 99,2,7,28.57%,3.86
rng event pet sim 99 2026,1,18,5.56%,4.28
pet sim 99 rng event pets,1,10,10%,5.2
pet sim 99 rng event tips,1,7,14.29%,5.71
all rng pets in pet sim 99,1,4,25%,3.25
best normal pet in ps99,1,2,50%,4
tier list pet simulator 99,1,1,100%,3
pet simulator 99 codes,0,106,0%,23.74
pet sim 99 rng event,0,49,0%,6.27
pet simulator 99 rng event,0,41,0%,7.07
ps99 pets,0,31,0%,47.06
pet simulator 99 code,0,30,0%,15.1
pet simulator 99 values,0,29,0%,31.17
what is a good trade for spirit in blox fruits 2026,0,21,0%,7.48
pet simulator 99 pets,0,19,0%,23.68
blox fruits market,0,19,0%,32.16
"""when eefun enters the dungeon (pass the first door), the timer start and 
the doors will start moving""",0,18,0%,3.17
pet simulator 99 active codes may 2026,0,18,0%,9.11
strongest pet in pet sim 99,0,18,0%,9.89
code pet simulator 99,0,17,0%,18.18
pet sim 99 rng pets list,0,13,0%,7.38
"newbottleneckcalculator ?menu top 20 trade values for mythical fruits in 
trade blox fruits – 2026 guide february 26, 2026 by newbottleneckcalculator 
top 20 trade",0,13,0%,8.62
pet sim 99 codes,0,13,0%,29.54
pet sim 99 pets,0,12,0%,25.17
pet sim 99 values,0,12,0%,32.83
pet sim 99 rng,0,11,0%,7
pet simulator 99 value,0,11,0%,35.36
blox fruit trade value,0,11,0%,73
best pet in pet sim 99,0,10,0%,9.4
doors guide,0,10,0%,19
best pet in pet sim 99 not huge or titanic,0,9,0%,8.78
best pets pet sim 99,0,9,0%,11
pet sim 99 ultimates tier list,0,8,0%,6.75
what is the best pet in pet simulator 99,0,8,0%,9.75
blox fruit trade,0,8,0%,58
blox fruit trading value,0,8,0%,69.88
golden towers tds,0,7,0%,7.14
"""seashells"" ""dress to impress"" wiki",0,7,0%,7.57
ps99 values,0,7,0%,31.86
pet simulator 99 value list,0,7,0%,38.43
blox fruits trade value,0,7,0%,67.57
trading values blox fruits,0,7,0%,73.43
pet sim 99 roll combo,0,6,0%,5.67
pet sim rng event,0,6,0%,7.17
"ewbottleneckcalculator ?menu top 20 trade values for mythical fruits in 
trade blox fruits – 2026 guide february 26, 2026 by newbottleneckcalculator 
top 20 trade",0,6,0%,9
pet sim 99 best pet,0,6,0%,9.5
best golden tower tds,0,6,0%,11.17
ps99 value,0,6,0%,28.83
roblox pet simulator 99 codes,0,6,0%,33.17
pet sim 99 value list,0,6,0%,39.83
pet sim 99 value,0,6,0%,41.33
blox fruit value,0,6,0%,75.17
pet sim 99 rng pets,0,5,0%,3.8
what is the best golden tower in tds 2026,0,5,0%,5
rng event pet simulator 99,0,5,0%,5.4
ps99 ultimate tier list,0,5,0%,7.8
pet simulator 99 rng,0,5,0%,9.4
what do golden towers do in tds,0,5,0%,9.8
how to play doors,0,5,0%,17.4
pet sim values,0,5,0%,33.8
trade values blox fruits,0,5,0%,70.6
pet simulator 99 best pets 2026,0,4,0%,1
rng event pets,0,4,0%,5.5
ps99 codes,0,4,0%,6
roblox doors game mechanics,0,4,0%,6.25
pet sim 99 rng event 2026,0,4,0%,6.5
all golden towers tds,0,4,0%,7
rng pet simulator 99,0,4,0%,7.5
blox fruits trading values 2026,0,4,0%,7.75
best pet in pet simulator 99,0,4,0%,8
how many golden towers are in tds,0,4,0%,8
how to equip best pets in pet sim 99,0,4,0%,8
best stat pet in pet sim 99,0,4,0%,10.25
doors roblox guide,0,4,0%,13.75
blox fruits trade values,0,4,0%,58
blox fruits trading value,0,4,0%,61
trading values blox fruit,0,4,0%,69.5
blox fruits values trading,0,4,0%,71.75
trade value blox fruit,0,4,0%,71.75
blox fruits prices,0,4,0%,73.25
blox fruit values,0,4,0%,74
blox fruit value trade,0,4,0%,74.25
best pet in ps99,0,3,0%,2
pet simulator 99 rng event pets,0,3,0%,4.67
pet simulator 99 tier list,0,3,0%,4.67
st blockade battlefront difficulty,0,3,0%,6
gales edge blade ball,0,3,0%,7
blade ball luminous edge,0,3,0%,7.33
golden tower tds,0,3,0%,7.33
strongest pet in ps99,0,3,0%,7.33
pet simulator 99 rng event may 2026,0,3,0%,8
how to get golden towers in tds,0,3,0%,8.33
what is the best pet in pet sim 99,0,3,0%,8.67
code redeem pet simulator 99,0,3,0%,9
what is the strongest pet in pet sim 99,0,3,0%,9.67
best pets in pet sim 99,0,3,0%,10
how to survive figure in doors,0,3,0%,10
pet simulator 99 best pet,0,3,0%,10.33
"20 trade values for mythical fruits in trade blox fruits – 2026 guide 
february 26, 2026 by newbottleneckcalculator top 20 trade",0,3,0%,11
doors walkthrough,0,3,0%,13
dress to impress runway,0,3,0%,13.67
codes for pet simulator 99,0,3,0%,24
pet sim 99 code,0,3,0%,24.33
pet sim value,0,3,0%,31
trading blox fruits,0,3,0%,48.67
trade blox fruit,0,3,0%,52.67
blox fruits trade,0,3,0%,59
trading value blox fruit,0,3,0%,61.67
blox fruits value trade,0,3,0%,63
trade value blox fruits,0,3,0%,66
blox fruit trading values,0,3,0%,71.67
blox fruit values trade,0,3,0%,73.67
blox fruits value,0,3,0%,80
pet simulator 99,0,2,0%,3
westown rivals,0,2,0%,3
rng pets pet sim 99,0,2,0%,4
roblox rivals season 3 pass,0,2,0%,5
best golden tower,0,2,0%,6
roblox doors gameplay mechanics,0,2,0%,6
pet simulator 99 rng event 2026,0,2,0%,6.5
codes in pet simulator 99,0,2,0%,7
tower defense simulator guide,0,2,0%,7.5
ps99 rng event chances,0,2,0%,8
tds golden,0,2,0%,8
doors code may 2026,0,2,0%,8.5
tds how to get golden towers,0,2,0%,8.5
trading table blox fruits,0,2,0%,8.5
best golden tower in tds,0,2,0%,9
blockade battlefront game,0,2,0%,9
tds best golden towers,0,2,0%,9
whats the best pet in pet sim 99,0,2,0%,9
all code in pet simulator 99,0,2,0%,10
golden tds,0,2,0%,10
ps99 value list 2026,0,2,0%,10
strongest pet in pet simulator 99,0,2,0%,10
doors 1 2 3 explained,0,2,0%,10.5
how to get golden skins in tds,0,2,0%,10.5
what does golden do in tds,0,2,0%,10.5
what is the best golden tower in tds,0,2,0%,11
pet sim 99 redeem codes,0,2,0%,11.5
how to get golden troops in tds,0,2,0%,12
blox fruits rumble fruit value trading 2026,0,2,0%,12.5
blox fruits trading guide 2026,0,2,0%,14.5
dress to impress roblox themes list,0,2,0%,14.5
pet sim 99 pet values,0,2,0%,28.5
how to play doors roblox,0,2,0%,29
ps99 value list,0,2,0%,29.5
codes pet simulator 99,0,2,0%,34.5
trades blox fruits,0,2,0%,38
lethal company guide,0,2,0%,40.5
pet simulator values,0,2,0%,46.5
blox fruits trading value list,0,2,0%,62
blox fruit value trading,0,2,0%,68
blox fruits trading values,0,2,0%,68
trades values blox fruits,0,2,0%,68.5
trading value blox fruits,0,2,0%,69.5
blox fruits fruit values,0,2,0%,72.5
values blox fruit,0,2,0%,74
blox fruit trade values,0,2,0%,74.5
roblox blox fruits value,0,2,0%,77
blox fruit prices,0,2,0%,77.5
blox fruits values,0,2,0%,80
best golden tower tds 2026,0,1,0%,5
pet sim 99 void rng,0,1,0%,5
pet simulator 99 best gem farming methods 2026,0,1,0%,5
pet simulator rng event,0,1,0%,5
por favor,0,1,0%,5
roblox rivals season 3 battle pass,0,1,0%,5
titanic persimmony cricket,0,1,0%,5
best golden skins tds,0,1,0%,6
best rng pet in pet sim 99,0,1,0%,6
blade ball roblox gameplay mechanics,0,1,0%,6
tds golden towers,0,1,0%,6
what game doorsun1524 is,0,1,0%,6
what is the best melee weapon in roblox rivals,0,1,0%,6
"""when eefun enters the dungeon (pass the first door), the timer start""",0,1,0%,7
best pets in pet simulator 99,0,1,0%,7
blox fruits trading table,0,1,0%,7
help the lovers make a choice project doors,0,1,0%,7
is blox fruits values safe,0,1,0%,7
new code pet simulator 99,0,1,0%,7
roblox doors game guide,0,1,0%,7
what is execute damage sailor piece,0,1,0%,7
"""what happens to seashells"" ""dress to impress""",0,1,0%,8
blox fruits fruit trading values 2026,0,1,0%,8
blox fruits trade values 2026,0,1,0%,8
code for pet simulator 99,0,1,0%,8
lethal company how to play,0,1,0%,8
ransom doors roblox,0,1,0%,8
best moon lethal company,0,1,0%,9
best pet in pet sim 99 damage,0,1,0%,9
code pet 99,0,1,0%,9
epic shlep breeding time,0,1,0%,9
how to equip best pets in pet simulator 99,0,1,0%,9
how to get points in blockade battlefront,0,1,0%,9
new doors mission,0,1,0%,9
pet 99 simulator codes,0,1,0%,9
ps99 tier list,0,1,0%,9
rivals weapon tier list 2026,0,1,0%,9
st blockade battlefront sandbox commands,0,1,0%,9
tds golden tower,0,1,0%,9
best pet pet sim 99,0,1,0%,10
best ultimate in pet sim 99,0,1,0%,10
códigos de pet simulator 99,0,1,0%,10
find and cut through a detour late in the hotel doors,0,1,0%,10
golden crate tower defense simulator,0,1,0%,10
how many waves are in hard mode st blockade battlefront,0,1,0%,10
new code pet sim 99,0,1,0%,10
pet sim 99 values 2026,0,1,0%,10
pet simulator 99 best pets,0,1,0%,10
pet simulator 99 codes may 2026,0,1,0%,10
ps 99 codes,0,1,0%,10
roblox doors outdoors entities,0,1,0%,10
sailor piece damage increase tips,0,1,0%,10
what is a good trade for portal in blox fruits 2026,0,1,0%,10
what is the best stat pet in ps99,0,1,0%,10
blade ball roblox current parry remote 2026,0,1,0%,11
breeding monsters on singing monsters,0,1,0%,11
code roblox pet simulator 99,0,1,0%,11
how to snipe someone on roblox 2026,0,1,0%,11
how to win in blade ball,0,1,0%,11
pet sim 99 rarity list,0,1,0%,11
pet simulator 99 best ways to farm gems 2026,0,1,0%,11
roblox doors ransom,0,1,0%,11
cheapest huge in pet sim 99 2026,0,1,0%,12
pet sim 99 chances list,0,1,0%,13
how to play blade ball,0,1,0%,16
what does ap mean in blade ball,0,1,0%,16
how many levels are in doors,0,1,0%,21
titan cameraman blockade battlefront,0,1,0%,22
monster legends elements chart,0,1,0%,28
pets simulator 99 code,0,1,0%,28
fries trading guide,0,1,0%,31
how to use doors,0,1,0%,34
blox fruits trading guide,0,1,0%,35
trader blox fruits,0,1,0%,35
lethal company mission tips,0,1,0%,37
code in pet simulator 99,0,1,0%,38
ps 99 values,0,1,0%,40
pet simulator value,0,1,0%,41
petsim code,0,1,0%,41
pets simulator 99 value,0,1,0%,42
what does the tip jar do in doors,0,1,0%,44
carbon rod fisch,0,1,0%,45
ps 99 value,0,1,0%,45
pet simulator value list,0,1,0%,49
values blox fruits,0,1,0%,49
st blockade battlefront nightmare mode,0,1,0%,55
blox fruits demand,0,1,0%,56
blox fruits trade value list,0,1,0%,64
blox fruit trading value list,0,1,0%,65
trading blox fruits values,0,1,0%,65
value trade blox fruit,0,1,0%,65
blox fruit all fruit value,0,1,0%,66
blox fruits all fruits value,0,1,0%,66
trading blox fruits value,0,1,0%,66
blox fruit trades value,0,1,0%,67
blox fruit price,0,1,0%,69
blox fruits trades values,0,1,0%,69
blox fruit trading value win or lose,0,1,0%,70
bloxfruit values,0,1,0%,71
blox trade value,0,1,0%,72
blox fruits price,0,1,0%,73
blox frutis value,0,1,0%,76
trading value in blox fruits,0,1,0%,80
fruit value in blox fruit,0,1,0%,82
blox fruits fruit value,0,1,0%,85
lethal company roles,0,1,0%,88
